Dataset:name:Figure01A	/uod/idr/filesets/idr0045-reichmann/20180606-renamed/Figure01A/Embryo6.pattern
Dataset:name:Figure01A	/uod/idr/filesets/idr0045-reichmann/20180606-renamed/Figure01A/Embryo7.pattern
Dataset:name:Figure01A	/uod/idr/filesets/idr0045-reichmann/20180606-renamed/Figure01A/Embryo13.pattern
Dataset:name:Figure01A	/uod/idr/filesets/idr0045-reichmann/20180606-renamed/Figure01A/Embryo8.pattern
Dataset:name:Figure01A	/uod/idr/filesets/idr0045-reichmann/20180606-renamed/Figure01A/Embryo9.pattern
Dataset:name:Figure01A	/uod/idr/filesets/idr0045-reichmann/20180606-renamed/Figure01A/Embryo1.pattern
Dataset:name:Figure01A	/uod/idr/filesets/idr0045-reichmann/20180606-renamed/Figure01A/Embryo2.pattern
Dataset:name:Figure01A	/uod/idr/filesets/idr0045-reichmann/20180606-renamed/Figure01A/Embryo3.pattern
Dataset:name:Figure01A	/uod/idr/filesets/idr0045-reichmann/20180606-renamed/Figure01A/Embryo4.pattern
Dataset:name:Figure01A	/uod/idr/filesets/idr0045-reichmann/20180606-renamed/Figure01A/Embryo5.pattern
Dataset:name:Figure01A	/uod/idr/filesets/idr0045-reichmann/20180606-renamed/Figure01A/Embryo11.pattern
Dataset:name:Figure01A	/uod/idr/filesets/idr0045-reichmann/20180606-renamed/Figure01A/Embryo12.pattern
Dataset:name:Figure01A	/uod/idr/filesets/idr0045-reichmann/20180606-renamed/Figure01A/Embryo10.pattern
Dataset:name:Figure01C	/uod/idr/filesets/idr0045-reichmann/20180606-renamed/Figure01C/Metaphase1.lif
Dataset:name:Figure01C	/uod/idr/filesets/idr0045-reichmann/20180606-renamed/Figure01C/Metaphase2.lif
Dataset:name:Figure01C	/uod/idr/filesets/idr0045-reichmann/20180606-renamed/Figure01C/Metaphase3.lif
Dataset:name:Figure01C	/uod/idr/filesets/idr0045-reichmann/20180606-renamed/Figure01C/MicrotubuleBallStage1.lif
Dataset:name:Figure01C	/uod/idr/filesets/idr0045-reichmann/20180606-renamed/Figure01C/MicrotubuleBallStage2.lif
Dataset:name:Figure01C	/uod/idr/filesets/idr0045-reichmann/20180606-renamed/Figure01C/MicrotubuleBallStage3.lif
Dataset:name:Figure01C	/uod/idr/filesets/idr0045-reichmann/20180606-renamed/Figure01C/MicrotubuleBallStage4.lif
Dataset:name:Figure01C	/uod/idr/filesets/idr0045-reichmann/20180606-renamed/Figure01C/Prometaphase1.lif
Dataset:name:Figure01C	/uod/idr/filesets/idr0045-reichmann/20180606-renamed/Figure01C/Prometaphase3.lif
Dataset:name:Figure01C	/uod/idr/filesets/idr0045-reichmann/20180606-renamed/Figure01C/Prometaphase4.lif
Dataset:name:Figure01D	/uod/idr/filesets/idr0045-reichmann/20180606-renamed/Figure01D/PM10.tif
Dataset:name:Figure01D	/uod/idr/filesets/idr0045-reichmann/20180606-renamed/Figure01D/PM11.tif
Dataset:name:Figure01D	/uod/idr/filesets/idr0045-reichmann/20180606-renamed/Figure01D/PM12.tif
Dataset:name:Figure01D	/uod/idr/filesets/idr0045-reichmann/20180606-renamed/Figure01D/PM13.tif
Dataset:name:Figure01D	/uod/idr/filesets/idr0045-reichmann/20180606-renamed/Figure01D/PM14.tif
Dataset:name:Figure01D	/uod/idr/filesets/idr0045-reichmann/20180606-renamed/Figure01D/PM15.tif
Dataset:name:Figure01D	/uod/idr/filesets/idr0045-reichmann/20180606-renamed/Figure01D/PM16.tif
Dataset:name:Figure01D	/uod/idr/filesets/idr0045-reichmann/20180606-renamed/Figure01D/PM17.tif
Dataset:name:Figure01D	/uod/idr/filesets/idr0045-reichmann/20180606-renamed/Figure01D/PM18.tif
Dataset:name:Figure01D	/uod/idr/filesets/idr0045-reichmann/20180606-renamed/Figure01D/PM19.tif
Dataset:name:Figure01D	/uod/idr/filesets/idr0045-reichmann/20180606-renamed/Figure01D/PM1.tif
Dataset:name:Figure01D	/uod/idr/filesets/idr0045-reichmann/20180606-renamed/Figure01D/PM20.tif
Dataset:name:Figure01D	/uod/idr/filesets/idr0045-reichmann/20180606-renamed/Figure01D/PM21.tif
Dataset:name:Figure01D	/uod/idr/filesets/idr0045-reichmann/20180606-renamed/Figure01D/PM22.tif
Dataset:name:Figure01D	/uod/idr/filesets/idr0045-reichmann/20180606-renamed/Figure01D/PM23.tif
Dataset:name:Figure01D	/uod/idr/filesets/idr0045-reichmann/20180606-renamed/Figure01D/PM24.tif
Dataset:name:Figure01D	/uod/idr/filesets/idr0045-reichmann/20180606-renamed/Figure01D/PM2.tif
Dataset:name:Figure01D	/uod/idr/filesets/idr0045-reichmann/20180606-renamed/Figure01D/PM3.tif
Dataset:name:Figure01D	/uod/idr/filesets/idr0045-reichmann/20180606-renamed/Figure01D/PM4.tif
Dataset:name:Figure01D	/uod/idr/filesets/idr0045-reichmann/20180606-renamed/Figure01D/PM5.tif
Dataset:name:Figure01D	/uod/idr/filesets/idr0045-reichmann/20180606-renamed/Figure01D/PM6.tif
Dataset:name:Figure01D	/uod/idr/filesets/idr0045-reichmann/20180606-renamed/Figure01D/PM7.tif
Dataset:name:Figure01D	/uod/idr/filesets/idr0045-reichmann/20180606-renamed/Figure01D/PM8.tif
Dataset:name:Figure01D	/uod/idr/filesets/idr0045-reichmann/20180606-renamed/Figure01D/PM9.tif
Dataset:name:Figure02	/uod/idr/filesets/idr0045-reichmann/20180606-renamed/Figure02/Embryo04.pattern
Dataset:name:Figure02	/uod/idr/filesets/idr0045-reichmann/20180606-renamed/Figure02/Embryo05.pattern
Dataset:name:Figure02	/uod/idr/filesets/idr0045-reichmann/20180606-renamed/Figure02/Embryo02.pattern
Dataset:name:Figure02	/uod/idr/filesets/idr0045-reichmann/20180606-renamed/Figure02/Embryo03.pattern
Dataset:name:Figure02	/uod/idr/filesets/idr0045-reichmann/20180606-renamed/Figure02/Embryo08.pattern
Dataset:name:Figure02	/uod/idr/filesets/idr0045-reichmann/20180606-renamed/Figure02/Embryo09.pattern
Dataset:name:Figure02	/uod/idr/filesets/idr0045-reichmann/20180606-renamed/Figure02/Embryo06.pattern
Dataset:name:Figure02	/uod/idr/filesets/idr0045-reichmann/20180606-renamed/Figure02/Embryo07.pattern
Dataset:name:Figure02	/uod/idr/filesets/idr0045-reichmann/20180606-renamed/Figure02/Embryo11.pattern
Dataset:name:Figure02	/uod/idr/filesets/idr0045-reichmann/20180606-renamed/Figure02/Embryo01.pattern
Dataset:name:Figure02	/uod/idr/filesets/idr0045-reichmann/20180606-renamed/Figure02/Embryo12.pattern
Dataset:name:Figure02	/uod/idr/filesets/idr0045-reichmann/20180606-renamed/Figure02/Embryo10.pattern
Dataset:name:Figure03	/uod/idr/filesets/idr0045-reichmann/20180606-renamed/Figure03/Embryo04.pattern
Dataset:name:Figure03	/uod/idr/filesets/idr0045-reichmann/20180606-renamed/Figure03/Embryo15.pattern
Dataset:name:Figure03	/uod/idr/filesets/idr0045-reichmann/20180606-renamed/Figure03/Embryo05.pattern
Dataset:name:Figure03	/uod/idr/filesets/idr0045-reichmann/20180606-renamed/Figure03/Embryo16.pattern
Dataset:name:Figure03	/uod/idr/filesets/idr0045-reichmann/20180606-renamed/Figure03/Embryo02.pattern
Dataset:name:Figure03	/uod/idr/filesets/idr0045-reichmann/20180606-renamed/Figure03/Embryo13.pattern
Dataset:name:Figure03	/uod/idr/filesets/idr0045-reichmann/20180606-renamed/Figure03/Embryo03.pattern
Dataset:name:Figure03	/uod/idr/filesets/idr0045-reichmann/20180606-renamed/Figure03/Embryo14.pattern
Dataset:name:Figure03	/uod/idr/filesets/idr0045-reichmann/20180606-renamed/Figure03/Embryo08.pattern
Dataset:name:Figure03	/uod/idr/filesets/idr0045-reichmann/20180606-renamed/Figure03/Embryo19.pattern
Dataset:name:Figure03	/uod/idr/filesets/idr0045-reichmann/20180606-renamed/Figure03/Embryo09.pattern
Dataset:name:Figure03	/uod/idr/filesets/idr0045-reichmann/20180606-renamed/Figure03/Embryo06.pattern
Dataset:name:Figure03	/uod/idr/filesets/idr0045-reichmann/20180606-renamed/Figure03/Embryo17.pattern
Dataset:name:Figure03	/uod/idr/filesets/idr0045-reichmann/20180606-renamed/Figure03/Embryo07.pattern
Dataset:name:Figure03	/uod/idr/filesets/idr0045-reichmann/20180606-renamed/Figure03/Embryo18.pattern
Dataset:name:Figure03	/uod/idr/filesets/idr0045-reichmann/20180606-renamed/Figure03/Embryo11.pattern
Dataset:name:Figure03	/uod/idr/filesets/idr0045-reichmann/20180606-renamed/Figure03/Embryo01.pattern
Dataset:name:Figure03	/uod/idr/filesets/idr0045-reichmann/20180606-renamed/Figure03/Embryo12.pattern
Dataset:name:Figure03	/uod/idr/filesets/idr0045-reichmann/20180606-renamed/Figure03/Embryo10.pattern
Dataset:name:Figure04	/uod/idr/filesets/idr0045-reichmann/20180606-renamed/Figure04/MoNoc.Cell10.pattern
Dataset:name:Figure04	/uod/idr/filesets/idr0045-reichmann/20180606-renamed/Figure04/Untreated.Cell19.pattern
Dataset:name:Figure04	/uod/idr/filesets/idr0045-reichmann/20180606-renamed/Figure04/NocMo.Cell09.pattern
Dataset:name:Figure04	/uod/idr/filesets/idr0045-reichmann/20180606-renamed/Figure04/Untreated.Cell17.pattern
Dataset:name:Figure04	/uod/idr/filesets/idr0045-reichmann/20180606-renamed/Figure04/NocMo.Cell08.pattern
Dataset:name:Figure04	/uod/idr/filesets/idr0045-reichmann/20180606-renamed/Figure04/Untreated.Cell18.pattern
Dataset:name:Figure04	/uod/idr/filesets/idr0045-reichmann/20180606-renamed/Figure04/Untreated.Cell15.pattern
Dataset:name:Figure04	/uod/idr/filesets/idr0045-reichmann/20180606-renamed/Figure04/Untreated.Cell16.pattern
Dataset:name:Figure04	/uod/idr/filesets/idr0045-reichmann/20180606-renamed/Figure04/NocMo.Cell05.pattern
Dataset:name:Figure04	/uod/idr/filesets/idr0045-reichmann/20180606-renamed/Figure04/Untreated.Cell13.pattern
Dataset:name:Figure04	/uod/idr/filesets/idr0045-reichmann/20180606-renamed/Figure04/NocMo.Cell04.pattern
Dataset:name:Figure04	/uod/idr/filesets/idr0045-reichmann/20180606-renamed/Figure04/Untreated.Cell14.pattern
Dataset:name:Figure04	/uod/idr/filesets/idr0045-reichmann/20180606-renamed/Figure04/NocMo.Cell07.pattern
Dataset:name:Figure04	/uod/idr/filesets/idr0045-reichmann/20180606-renamed/Figure04/Untreated.Cell11.pattern
Dataset:name:Figure04	/uod/idr/filesets/idr0045-reichmann/20180606-renamed/Figure04/NocMo.Cell06.pattern
Dataset:name:Figure04	/uod/idr/filesets/idr0045-reichmann/20180606-renamed/Figure04/Untreated.Cell12.pattern
Dataset:name:Figure04	/uod/idr/filesets/idr0045-reichmann/20180606-renamed/Figure04/NocMo.Cell01.pattern
Dataset:name:Figure04	/uod/idr/filesets/idr0045-reichmann/20180606-renamed/Figure04/Untreated.Cell10.pattern
Dataset:name:Figure04	/uod/idr/filesets/idr0045-reichmann/20180606-renamed/Figure04/NocMo.Cell03.pattern
Dataset:name:Figure04	/uod/idr/filesets/idr0045-reichmann/20180606-renamed/Figure04/NocMo.Cell02.pattern
Dataset:name:Figure04	/uod/idr/filesets/idr0045-reichmann/20180606-renamed/Figure04/MoNoc.Cell15.pattern
Dataset:name:Figure04	/uod/idr/filesets/idr0045-reichmann/20180606-renamed/Figure04/MoNoc.Cell16.pattern
Dataset:name:Figure04	/uod/idr/filesets/idr0045-reichmann/20180606-renamed/Figure04/MoNoc.Cell13.pattern
Dataset:name:Figure04	/uod/idr/filesets/idr0045-reichmann/20180606-renamed/Figure04/MoNoc.Cell14.pattern
Dataset:name:Figure04	/uod/idr/filesets/idr0045-reichmann/20180606-renamed/Figure04/MoNoc.Cell11.pattern
Dataset:name:Figure04	/uod/idr/filesets/idr0045-reichmann/20180606-renamed/Figure04/MoNoc.Cell12.pattern
Dataset:name:Figure04	/uod/idr/filesets/idr0045-reichmann/20180606-renamed/Figure04/Untreated.Cell08.pattern
Dataset:name:Figure04	/uod/idr/filesets/idr0045-reichmann/20180606-renamed/Figure04/Untreated.Cell09.pattern
Dataset:name:Figure04	/uod/idr/filesets/idr0045-reichmann/20180606-renamed/Figure04/Untreated.Cell06.pattern
Dataset:name:Figure04	/uod/idr/filesets/idr0045-reichmann/20180606-renamed/Figure04/Untreated.Cell07.pattern
Dataset:name:Figure04	/uod/idr/filesets/idr0045-reichmann/20180606-renamed/Figure04/Untreated.Cell04.pattern
Dataset:name:Figure04	/uod/idr/filesets/idr0045-reichmann/20180606-renamed/Figure04/Untreated.Cell05.pattern
Dataset:name:Figure04	/uod/idr/filesets/idr0045-reichmann/20180606-renamed/Figure04/Untreated.Cell02.pattern
Dataset:name:Figure04	/uod/idr/filesets/idr0045-reichmann/20180606-renamed/Figure04/Untreated.Cell03.pattern
Dataset:name:Figure04	/uod/idr/filesets/idr0045-reichmann/20180606-renamed/Figure04/Untreated.Cell01.pattern
Dataset:name:Figure04	/uod/idr/filesets/idr0045-reichmann/20180606-renamed/Figure04/NocMo.Cell12.pattern
Dataset:name:Figure04	/uod/idr/filesets/idr0045-reichmann/20180606-renamed/Figure04/NocMo.Cell11.pattern
Dataset:name:Figure04	/uod/idr/filesets/idr0045-reichmann/20180606-renamed/Figure04/MoNoc.Cell08.pattern
Dataset:name:Figure04	/uod/idr/filesets/idr0045-reichmann/20180606-renamed/Figure04/NocMo.Cell10.pattern
Dataset:name:Figure04	/uod/idr/filesets/idr0045-reichmann/20180606-renamed/Figure04/MoNoc.Cell09.pattern
Dataset:name:Figure04	/uod/idr/filesets/idr0045-reichmann/20180606-renamed/Figure04/MoNoc.Cell06.pattern
Dataset:name:Figure04	/uod/idr/filesets/idr0045-reichmann/20180606-renamed/Figure04/MoNoc.Cell07.pattern
Dataset:name:Figure04	/uod/idr/filesets/idr0045-reichmann/20180606-renamed/Figure04/MoNoc.Cell04.pattern
Dataset:name:Figure04	/uod/idr/filesets/idr0045-reichmann/20180606-renamed/Figure04/MoNoc.Cell05.pattern
Dataset:name:Figure04	/uod/idr/filesets/idr0045-reichmann/20180606-renamed/Figure04/MoNoc.Cell02.pattern
Dataset:name:Figure04	/uod/idr/filesets/idr0045-reichmann/20180606-renamed/Figure04/MoNoc.Cell03.pattern
Dataset:name:Figure04	/uod/idr/filesets/idr0045-reichmann/20180606-renamed/Figure04/MoNoc.Cell01.pattern
Dataset:name:Figure04	/uod/idr/filesets/idr0045-reichmann/20180606-renamed/Figure04/Untreated.Cell31.pattern
Dataset:name:Figure04	/uod/idr/filesets/idr0045-reichmann/20180606-renamed/Figure04/Untreated.Cell30.pattern
Dataset:name:Figure04	/uod/idr/filesets/idr0045-reichmann/20180606-renamed/Figure04/Untreated.Cell28.pattern
Dataset:name:Figure04	/uod/idr/filesets/idr0045-reichmann/20180606-renamed/Figure04/Untreated.Cell29.pattern
Dataset:name:Figure04	/uod/idr/filesets/idr0045-reichmann/20180606-renamed/Figure04/Untreated.Cell26.pattern
Dataset:name:Figure04	/uod/idr/filesets/idr0045-reichmann/20180606-renamed/Figure04/Untreated.Cell27.pattern
Dataset:name:Figure04	/uod/idr/filesets/idr0045-reichmann/20180606-renamed/Figure04/Untreated.Cell24.pattern
Dataset:name:Figure04	/uod/idr/filesets/idr0045-reichmann/20180606-renamed/Figure04/Untreated.Cell25.pattern
Dataset:name:Figure04	/uod/idr/filesets/idr0045-reichmann/20180606-renamed/Figure04/Untreated.Cell22.pattern
Dataset:name:Figure04	/uod/idr/filesets/idr0045-reichmann/20180606-renamed/Figure04/Untreated.Cell23.pattern
Dataset:name:Figure04	/uod/idr/filesets/idr0045-reichmann/20180606-renamed/Figure04/Untreated.Cell20.pattern
Dataset:name:Figure04	/uod/idr/filesets/idr0045-reichmann/20180606-renamed/Figure04/Untreated.Cell21.pattern
Dataset:name:SupplementaryFigure01	/uod/idr/filesets/idr0045-reichmann/20180606-renamed/SupplementaryFigure01/Embryo15.pattern
Dataset:name:SupplementaryFigure01	/uod/idr/filesets/idr0045-reichmann/20180606-renamed/SupplementaryFigure01/Embryo6.pattern
Dataset:name:SupplementaryFigure01	/uod/idr/filesets/idr0045-reichmann/20180606-renamed/SupplementaryFigure01/Embryo16.pattern
Dataset:name:SupplementaryFigure01	/uod/idr/filesets/idr0045-reichmann/20180606-renamed/SupplementaryFigure01/Embryo7.pattern
Dataset:name:SupplementaryFigure01	/uod/idr/filesets/idr0045-reichmann/20180606-renamed/SupplementaryFigure01/Embryo13.pattern
Dataset:name:SupplementaryFigure01	/uod/idr/filesets/idr0045-reichmann/20180606-renamed/SupplementaryFigure01/Embryo8.pattern
Dataset:name:SupplementaryFigure01	/uod/idr/filesets/idr0045-reichmann/20180606-renamed/SupplementaryFigure01/Embryo14.pattern
Dataset:name:SupplementaryFigure01	/uod/idr/filesets/idr0045-reichmann/20180606-renamed/SupplementaryFigure01/Embryo9.pattern
Dataset:name:SupplementaryFigure01	/uod/idr/filesets/idr0045-reichmann/20180606-renamed/SupplementaryFigure01/Embryo19.pattern
Dataset:name:SupplementaryFigure01	/uod/idr/filesets/idr0045-reichmann/20180606-renamed/SupplementaryFigure01/Embryo17.pattern
Dataset:name:SupplementaryFigure01	/uod/idr/filesets/idr0045-reichmann/20180606-renamed/SupplementaryFigure01/Embryo18.pattern
Dataset:name:SupplementaryFigure01	/uod/idr/filesets/idr0045-reichmann/20180606-renamed/SupplementaryFigure01/Embryo1.pattern
Dataset:name:SupplementaryFigure01	/uod/idr/filesets/idr0045-reichmann/20180606-renamed/SupplementaryFigure01/Embryo2.pattern
Dataset:name:SupplementaryFigure01	/uod/idr/filesets/idr0045-reichmann/20180606-renamed/SupplementaryFigure01/Embryo3.pattern
Dataset:name:SupplementaryFigure01	/uod/idr/filesets/idr0045-reichmann/20180606-renamed/SupplementaryFigure01/Embryo4.pattern
Dataset:name:SupplementaryFigure01	/uod/idr/filesets/idr0045-reichmann/20180606-renamed/SupplementaryFigure01/Embryo5.pattern
Dataset:name:SupplementaryFigure01	/uod/idr/filesets/idr0045-reichmann/20180606-renamed/SupplementaryFigure01/Embryo11.pattern
Dataset:name:SupplementaryFigure01	/uod/idr/filesets/idr0045-reichmann/20180606-renamed/SupplementaryFigure01/Embryo12.pattern
Dataset:name:SupplementaryFigure01	/uod/idr/filesets/idr0045-reichmann/20180606-renamed/SupplementaryFigure01/Embryo10.pattern
Dataset:name:SupplementaryFigure02	/uod/idr/filesets/idr0045-reichmann/20180606-renamed/SupplementaryFigure02/embryo1.pattern
Dataset:name:SupplementaryFigure02	/uod/idr/filesets/idr0045-reichmann/20180606-renamed/SupplementaryFigure02/embryo2.pattern
Dataset:name:SupplementaryFigure02	/uod/idr/filesets/idr0045-reichmann/20180606-renamed/SupplementaryFigure02/embryo3.pattern
Dataset:name:SupplementaryFigure02	/uod/idr/filesets/idr0045-reichmann/20180606-renamed/SupplementaryFigure02/embryo4.pattern
Dataset:name:SupplementaryFigure05	/uod/idr/filesets/idr0045-reichmann/20180606-renamed/SupplementaryFigure05/Metaphase1.pattern
Dataset:name:SupplementaryFigure05	/uod/idr/filesets/idr0045-reichmann/20180606-renamed/SupplementaryFigure05/Metaphase3.pattern
Dataset:name:SupplementaryFigure05	/uod/idr/filesets/idr0045-reichmann/20180606-renamed/SupplementaryFigure05/Metaphase2.pattern
Dataset:name:SupplementaryFigure05	/uod/idr/filesets/idr0045-reichmann/20180606-renamed/SupplementaryFigure05/Prometaphase3.pattern
Dataset:name:SupplementaryFigure05	/uod/idr/filesets/idr0045-reichmann/20180606-renamed/SupplementaryFigure05/Prometaphase2.pattern
Dataset:name:SupplementaryFigure05	/uod/idr/filesets/idr0045-reichmann/20180606-renamed/SupplementaryFigure05/Prometaphase1.pattern
Dataset:name:SupplementaryFigure06A	/uod/idr/filesets/idr0045-reichmann/20180606-renamed/SupplementaryFigure06A/Zygotes.Cell08.Position_0.stack_0.T000011_00.pattern
Dataset:name:SupplementaryFigure06A	/uod/idr/filesets/idr0045-reichmann/20180606-renamed/SupplementaryFigure06A/4Cell.Cell11-1.Position_0.stack_0.T000215_00.pattern
Dataset:name:SupplementaryFigure06A	/uod/idr/filesets/idr0045-reichmann/20180606-renamed/SupplementaryFigure06A/4Cell.Cell13-1.Position_0.stack_0.T000227_00.pattern
Dataset:name:SupplementaryFigure06A	/uod/idr/filesets/idr0045-reichmann/20180606-renamed/SupplementaryFigure06A/2Cell.Cell14-2.Position_0.stack_0.T000087_00.pattern
Dataset:name:SupplementaryFigure06A	/uod/idr/filesets/idr0045-reichmann/20180606-renamed/SupplementaryFigure06A/Zygotes.Cell11.Position_0.stack_0.Ext.T000041_00.pattern
Dataset:name:SupplementaryFigure06A	/uod/idr/filesets/idr0045-reichmann/20180606-renamed/SupplementaryFigure06A/Zygotes.Cell22.Position_0.stack_0.TCam_Right_00206.pattern
Dataset:name:SupplementaryFigure06A	/uod/idr/filesets/idr0045-reichmann/20180606-renamed/SupplementaryFigure06A/Zygotes.Cell25.Position_0.stack_0.TCam_Right_00283.pattern
Dataset:name:SupplementaryFigure06A	/uod/idr/filesets/idr0045-reichmann/20180606-renamed/SupplementaryFigure06A/4Cell.Cell10-2.Position_0.stack_0.T000270_00.pattern
Dataset:name:SupplementaryFigure06A	/uod/idr/filesets/idr0045-reichmann/20180606-renamed/SupplementaryFigure06A/Zygotes.Cell13.Position_0.stack_0.T000047_00.pattern
Dataset:name:SupplementaryFigure06A	/uod/idr/filesets/idr0045-reichmann/20180606-renamed/SupplementaryFigure06A/Zygotes.Cell24.Position_0.stack_0.TCam_Right_00310.pattern
Dataset:name:SupplementaryFigure06A	/uod/idr/filesets/idr0045-reichmann/20180606-renamed/SupplementaryFigure06A/4Cell.Cell02-1.Position_0.stack_0.T000312_00.pattern
Dataset:name:SupplementaryFigure06A	/uod/idr/filesets/idr0045-reichmann/20180606-renamed/SupplementaryFigure06A/8Cell.Cell14-1.Position_0.stack_0.T000349_00.pattern
Dataset:name:SupplementaryFigure06A	/uod/idr/filesets/idr0045-reichmann/20180606-renamed/SupplementaryFigure06A/Zygotes.Cell20.Position_0.stack_0.TCam_Right_00340.pattern
Dataset:name:SupplementaryFigure06A	/uod/idr/filesets/idr0045-reichmann/20180606-renamed/SupplementaryFigure06A/4Cell.Cell08-2.Position_0.stack_0.T000257_00.pattern
Dataset:name:SupplementaryFigure06A	/uod/idr/filesets/idr0045-reichmann/20180606-renamed/SupplementaryFigure06A/4Cell.Cell10-1.Position_0.stack_0.Ext.T000241_00.pattern
Dataset:name:SupplementaryFigure06A	/uod/idr/filesets/idr0045-reichmann/20180606-renamed/SupplementaryFigure06A/8Cell.Cell11-4.Position_0.stack_0.T000349_00.pattern
Dataset:name:SupplementaryFigure06A	/uod/idr/filesets/idr0045-reichmann/20180606-renamed/SupplementaryFigure06A/Zygotes.Cell19.Position_0.stack_0.T000005_00.pattern
Dataset:name:SupplementaryFigure06A	/uod/idr/filesets/idr0045-reichmann/20180606-renamed/SupplementaryFigure06A/8Cell.Cell11-1.Position_0.stack_0.T000339_00.pattern
Dataset:name:SupplementaryFigure06A	/uod/idr/filesets/idr0045-reichmann/20180606-renamed/SupplementaryFigure06A/Zygotes.Cell12.Position_0.stack_0.T000025_00.pattern
Dataset:name:SupplementaryFigure06A	/uod/idr/filesets/idr0045-reichmann/20180606-renamed/SupplementaryFigure06A/Zygotes.Cell28.Position_0.stack_0.TCam_Right_00158.pattern
Dataset:name:SupplementaryFigure06A	/uod/idr/filesets/idr0045-reichmann/20180606-renamed/SupplementaryFigure06A/2Cell.Cell08-1.Position_0.stack_0.T000057_00.pattern
Dataset:name:SupplementaryFigure06A	/uod/idr/filesets/idr0045-reichmann/20180606-renamed/SupplementaryFigure06A/Zygotes.Cell29.Position_0.stack_0.TCam_Right_00207.pattern
Dataset:name:SupplementaryFigure06A	/uod/idr/filesets/idr0045-reichmann/20180606-renamed/SupplementaryFigure06A/4Cell.Cell07-2.Position_0.stack_0.Ext.T000293_00.pattern
Dataset:name:SupplementaryFigure06A	/uod/idr/filesets/idr0045-reichmann/20180606-renamed/SupplementaryFigure06A/4Cell.Cell11-4.Position_0.stack_0.T000228_00.pattern
Dataset:name:SupplementaryFigure06A	/uod/idr/filesets/idr0045-reichmann/20180606-renamed/SupplementaryFigure06A/4Cell.Cell12-1.Position_0.stack_0.T000229_00.pattern
Dataset:name:SupplementaryFigure06A	/uod/idr/filesets/idr0045-reichmann/20180606-renamed/SupplementaryFigure06A/8Cell.Cell10-2.Position_0.stack_0.T000363_00.pattern
Dataset:name:SupplementaryFigure06A	/uod/idr/filesets/idr0045-reichmann/20180606-renamed/SupplementaryFigure06A/4Cell.Cell07-2.Position_0.stack_0.Ext.T000297_00.pattern
Dataset:name:SupplementaryFigure06A	/uod/idr/filesets/idr0045-reichmann/20180606-renamed/SupplementaryFigure06A/2Cell.Cell11-1.Position_0.stack_0.T000070_00.pattern
Dataset:name:SupplementaryFigure06A	/uod/idr/filesets/idr0045-reichmann/20180606-renamed/SupplementaryFigure06A/Zygotes.Cell02.Position_0.stack_0.T000046_00.pattern
Dataset:name:SupplementaryFigure06A	/uod/idr/filesets/idr0045-reichmann/20180606-renamed/SupplementaryFigure06A/Zygotes.Cell01.Position_0.stack_0.T000049_00.pattern
Dataset:name:SupplementaryFigure06A	/uod/idr/filesets/idr0045-reichmann/20180606-renamed/SupplementaryFigure06A/Zygotes.Cell15.Position_0.stack_0.T000011_00.pattern
Dataset:name:SupplementaryFigure06A	/uod/idr/filesets/idr0045-reichmann/20180606-renamed/SupplementaryFigure06A/2Cell.Cell12-2.Position_0.stack_0.T000064_00.pattern
Dataset:name:SupplementaryFigure06A	/uod/idr/filesets/idr0045-reichmann/20180606-renamed/SupplementaryFigure06A/Zygotes.Cell27.Position_0.stack_0.TCam_Right_00358.pattern
Dataset:name:SupplementaryFigure06A	/uod/idr/filesets/idr0045-reichmann/20180606-renamed/SupplementaryFigure06A/Zygotes.Cell23.Position_0.stack_0.TCam_Right_00328.pattern
Dataset:name:SupplementaryFigure06A	/uod/idr/filesets/idr0045-reichmann/20180606-renamed/SupplementaryFigure06A/4Cell.Cell11-3.Position_0.stack_0.T000219_00.pattern
Dataset:name:SupplementaryFigure06A	/uod/idr/filesets/idr0045-reichmann/20180606-renamed/SupplementaryFigure06A/2Cell.Cell01-2.Position_0.stack_0.T000103_00.pattern
Dataset:name:SupplementaryFigure06A	/uod/idr/filesets/idr0045-reichmann/20180606-renamed/SupplementaryFigure06A/4Cell.Cell09-1.Position_0.stack_0.T000228_00.pattern
Dataset:name:SupplementaryFigure06A	/uod/idr/filesets/idr0045-reichmann/20180606-renamed/SupplementaryFigure06A/Zygotes.Cell28.Position_0.stack_0.TCam_Right_00158-1.pattern
Dataset:name:SupplementaryFigure06A	/uod/idr/filesets/idr0045-reichmann/20180606-renamed/SupplementaryFigure06A/2Cell.Cell11-2.Position_0.stack_0.T000075_00.pattern
Dataset:name:SupplementaryFigure06A	/uod/idr/filesets/idr0045-reichmann/20180606-renamed/SupplementaryFigure06A/2Cell.Cell09-1.Position_0.stack_0.T000088_00.pattern
Dataset:name:SupplementaryFigure06A	/uod/idr/filesets/idr0045-reichmann/20180606-renamed/SupplementaryFigure06A/4Cell.Cell10-1.Position_0.stack_0.Ext.T000240_00.pattern
Dataset:name:SupplementaryFigure06A	/uod/idr/filesets/idr0045-reichmann/20180606-renamed/SupplementaryFigure06A/2Cell.Cell12-1.Position_0.stack_0.T000062_00.pattern
Dataset:name:SupplementaryFigure06A	/uod/idr/filesets/idr0045-reichmann/20180606-renamed/SupplementaryFigure06A/2Cell.Cell13-1.Position_0.stack_0.T000071_00.pattern
Dataset:name:SupplementaryFigure06A	/uod/idr/filesets/idr0045-reichmann/20180606-renamed/SupplementaryFigure06A/Zygotes.Cell06.Position_0.stack_0.T000037_00.pattern
Dataset:name:SupplementaryFigure06A	/uod/idr/filesets/idr0045-reichmann/20180606-renamed/SupplementaryFigure06A/Zygotes.Cell19.Position_0.stack_0.T000006_00.pattern
Dataset:name:SupplementaryFigure06A	/uod/idr/filesets/idr0045-reichmann/20180606-renamed/SupplementaryFigure06A/Zygotes.Cell04.Position_0.stack_0.T000045_00.pattern
Dataset:name:SupplementaryFigure06A	/uod/idr/filesets/idr0045-reichmann/20180606-renamed/SupplementaryFigure06A/8Cell.Cell11-2.Position_0.stack_0.T000342_00.pattern
Dataset:name:SupplementaryFigure06A	/uod/idr/filesets/idr0045-reichmann/20180606-renamed/SupplementaryFigure06A/2Cell.Cell01-1.Position_0.stack_0.T000086_00.pattern
Dataset:name:SupplementaryFigure06A	/uod/idr/filesets/idr0045-reichmann/20180606-renamed/SupplementaryFigure06A/2Cell.Cell07-1.Position_0.stack_0.T000116_00.pattern
Dataset:name:SupplementaryFigure06A	/uod/idr/filesets/idr0045-reichmann/20180606-renamed/SupplementaryFigure06A/2Cell.Cell13-2.Position_0.stack_0.T000106_00.pattern
Dataset:name:SupplementaryFigure06A	/uod/idr/filesets/idr0045-reichmann/20180606-renamed/SupplementaryFigure06A/4Cell.Cell10-1.Position_0.stack_0.T000239_00.pattern
Dataset:name:SupplementaryFigure06A	/uod/idr/filesets/idr0045-reichmann/20180606-renamed/SupplementaryFigure06A/4Cell.Cell07-2.Position_0.stack_0.Ext.T000294_00.pattern
Dataset:name:SupplementaryFigure06A	/uod/idr/filesets/idr0045-reichmann/20180606-renamed/SupplementaryFigure06A/2Cell.Cell14-1.Position_0.stack_0.T000074_00.pattern
Dataset:name:SupplementaryFigure06A	/uod/idr/filesets/idr0045-reichmann/20180606-renamed/SupplementaryFigure06A/4Cell.Cell02-3.Position_0.stack_0.T000336_00.pattern
Dataset:name:SupplementaryFigure06A	/uod/idr/filesets/idr0045-reichmann/20180606-renamed/SupplementaryFigure06A/8Cell.Cell11-3.Position_0.stack_0.T000347_00.pattern
Dataset:name:SupplementaryFigure06A	/uod/idr/filesets/idr0045-reichmann/20180606-renamed/SupplementaryFigure06A/2Cell.Cell08-2.Position_0.stack_0.T000066_00.pattern
Dataset:name:SupplementaryFigure06A	/uod/idr/filesets/idr0045-reichmann/20180606-renamed/SupplementaryFigure06A/Zygotes.Cell30.Position_0.stack_0.TCam_Right_00175.pattern
Dataset:name:SupplementaryFigure06A	/uod/idr/filesets/idr0045-reichmann/20180606-renamed/SupplementaryFigure06A/2Cell.Cell09-2.Position_0.stack_0.T000106_00.pattern
Dataset:name:SupplementaryFigure06A	/uod/idr/filesets/idr0045-reichmann/20180606-renamed/SupplementaryFigure06A/4Cell.Cell01-1.Position_0.stack_0.T000242_00.pattern
Dataset:name:SupplementaryFigure06A	/uod/idr/filesets/idr0045-reichmann/20180606-renamed/SupplementaryFigure06A/Zygotes.Cell26.Position_0.stack_0.TCam_Right_00115.pattern
Dataset:name:SupplementaryFigure06A	/uod/idr/filesets/idr0045-reichmann/20180606-renamed/SupplementaryFigure06A/Zygotes.Cell14.Position_0.stack_0.T000019_00.pattern
Dataset:name:SupplementaryFigure06A	/uod/idr/filesets/idr0045-reichmann/20180606-renamed/SupplementaryFigure06A/2Cell.Cell10-1.Position_0.stack_0.T000081_00.pattern
Dataset:name:SupplementaryFigure06A	/uod/idr/filesets/idr0045-reichmann/20180606-renamed/SupplementaryFigure06A/Zygotes.Cell18.Position_0.stack_0.T000030_00.pattern
Dataset:name:SupplementaryFigure06A	/uod/idr/filesets/idr0045-reichmann/20180606-renamed/SupplementaryFigure06A/2Cell.Cell02-1.Position_0.stack_0.T000168_00.pattern
Dataset:name:SupplementaryFigure06A	/uod/idr/filesets/idr0045-reichmann/20180606-renamed/SupplementaryFigure06A/2Cell.Cell10-2.Position_0.stack_0.T000106_00.pattern
Dataset:name:SupplementaryFigure06A	/uod/idr/filesets/idr0045-reichmann/20180606-renamed/SupplementaryFigure06A/4Cell.Cell14-1.Position_0.stack_0.T000246_00.pattern
Dataset:name:SupplementaryFigure06A	/uod/idr/filesets/idr0045-reichmann/20180606-renamed/SupplementaryFigure06A/2Cell.Cell07-2.Position_0.stack_0.T000136_00.pattern
Dataset:name:SupplementaryFigure06A	/uod/idr/filesets/idr0045-reichmann/20180606-renamed/SupplementaryFigure06A/Zygotes.Cell31.Position_0.stack_0.TCam_Right_00115.pattern
Dataset:name:SupplementaryFigure06A	/uod/idr/filesets/idr0045-reichmann/20180606-renamed/SupplementaryFigure06A/Zygotes.Cell03.Position_0.stack_0.T000034_00.pattern
Dataset:name:SupplementaryFigure06A	/uod/idr/filesets/idr0045-reichmann/20180606-renamed/SupplementaryFigure06A/8Cell.Cell10-1.Position_0.stack_0.T000362_00.pattern
Dataset:name:SupplementaryFigure06A	/uod/idr/filesets/idr0045-reichmann/20180606-renamed/SupplementaryFigure06A/4Cell.Cell11-2.Position_0.stack_0.T000219_00.pattern
Dataset:name:SupplementaryFigure06A	/uod/idr/filesets/idr0045-reichmann/20180606-renamed/SupplementaryFigure06A/4Cell.Cell07-1.Position_0.stack_0.T000288_00.pattern
Dataset:name:SupplementaryFigure06A	/uod/idr/filesets/idr0045-reichmann/20180606-renamed/SupplementaryFigure06A/4Cell.Cell08-1.Position_0.stack_0.T000224_00.pattern
Dataset:name:SupplementaryFigure06A	/uod/idr/filesets/idr0045-reichmann/20180606-renamed/SupplementaryFigure06A/8Cell.Cell09-1.Position_0.stack_0.T000371_00.pattern
Dataset:name:SupplementaryFigure06A	/uod/idr/filesets/idr0045-reichmann/20180606-renamed/SupplementaryFigure06A/Zygotes.Cell21.Position_0.stack_0.TCam_Right_00227-1.pattern
Dataset:name:SupplementaryFigure06A	/uod/idr/filesets/idr0045-reichmann/20180606-renamed/SupplementaryFigure06A/4Cell.Cell10-1.Position_0.stack_0.Ext.T000238_00.pattern
Dataset:name:SupplementaryFigure06A	/uod/idr/filesets/idr0045-reichmann/20180606-renamed/SupplementaryFigure06A/Zygotes.Cell21.Position_0.stack_0.TCam_Right_00227.pattern
Dataset:name:SupplementaryFigure06A	/uod/idr/filesets/idr0045-reichmann/20180606-renamed/SupplementaryFigure06A/Zygotes.Cell16.Position_0.stack_0.T000035_00.pattern
Dataset:name:SupplementaryFigure06A	/uod/idr/filesets/idr0045-reichmann/20180606-renamed/SupplementaryFigure06A/4Cell.Cell09-2.Position_0.stack_0.T000238_00.pattern
Dataset:name:SupplementaryFigure06A	/uod/idr/filesets/idr0045-reichmann/20180606-renamed/SupplementaryFigure06A/Zygotes.Cell11.Position_0.stack_0.T000037_00.pattern
Dataset:name:SupplementaryFigure06A	/uod/idr/filesets/idr0045-reichmann/20180606-renamed/SupplementaryFigure06A/Zygotes.Cell07.Position_0.stack_0.T000019_00.pattern
Dataset:name:SupplementaryFigure06A	/uod/idr/filesets/idr0045-reichmann/20180606-renamed/SupplementaryFigure06A/8Cell.Cell07-1.Position_0.stack_0.T000426_00.pattern
Dataset:name:SupplementaryFigure06A	/uod/idr/filesets/idr0045-reichmann/20180606-renamed/SupplementaryFigure06A/4Cell.Cell02-2.Position_0.stack_0.T000333_00.pattern
Dataset:name:SupplementaryFigure06A	/uod/idr/filesets/idr0045-reichmann/20180606-renamed/SupplementaryFigure06A/8Cell.Cell01-1.Position_0.stack_0.T000348_00.pattern
Dataset:name:SupplementaryFigure06A	/uod/idr/filesets/idr0045-reichmann/20180606-renamed/SupplementaryFigure06A/8Cell.Cell01-2.Position_0.stack_0.T000380_00.pattern
Dataset:name:SupplementaryFigure06A	/uod/idr/filesets/idr0045-reichmann/20180606-renamed/SupplementaryFigure06A/4Cell.Cell07-2.Position_0.stack_0.T000295_00.pattern
Dataset:name:SupplementaryFigure06A	/uod/idr/filesets/idr0045-reichmann/20180606-renamed/SupplementaryFigure06A/Zygotes.Cell17.Position_0.stack_0.T000047_00.pattern
Dataset:name:SupplementaryFigure06A	/uod/idr/filesets/idr0045-reichmann/20180606-renamed/SupplementaryFigure06A/Zygotes.Cell05.Position_0.stack_0.T000027_00.pattern
Dataset:name:SupplementaryFigure06A	/uod/idr/filesets/idr0045-reichmann/20180606-renamed/SupplementaryFigure06A/2Cell.Cell02-2.Position_0.stack_0.T000177_00.pattern
Dataset:name:SupplementaryFigure06A	/uod/idr/filesets/idr0045-reichmann/20180606-renamed/SupplementaryFigure06A/Zygotes.Cell10.Position_0.stack_0.T000029_00.pattern
Dataset:name:SupplementaryFigure06A	/uod/idr/filesets/idr0045-reichmann/20180606-renamed/SupplementaryFigure06A/Zygotes.Cell09.Position_0.stack_0.T000018_00.pattern
Dataset:name:SupplementaryFigure06A	/uod/idr/filesets/idr0045-reichmann/20180606-renamed/SupplementaryFigure06A/8Cell.Cell07-2.Position_0.stack_0.T000466_00.pattern
Dataset:name:SupplementaryFigure06A	/uod/idr/filesets/idr0045-reichmann/20180606-renamed/SupplementaryFigure06A/4Cell.Cell01-2.Position_0.stack_0.T000239_00.pattern
Dataset:name:SupplementaryFigure06A	/uod/idr/filesets/idr0045-reichmann/20180606-renamed/SupplementaryFigure06A/4Cell.Cell07-2.Position_0.stack_0.Ext.T000296_00.pattern
Dataset:name:SupplementaryFigure06A	/uod/idr/filesets/idr0045-reichmann/20180606-renamed/SupplementaryFigure06A/4Cell.Cell10-1.Position_0.stack_0.T000237_00.pattern
Dataset:name:SupplementaryFigure06A	/uod/idr/filesets/idr0045-reichmann/20180606-renamed/SupplementaryFigure06A/4Cell.Cell10-1.Position_0.stack_0.Ext.T000239_00.pattern
Dataset:name:SupplementaryFigure06H	/uod/idr/filesets/idr0045-reichmann/20180606-renamed/SupplementaryFigure06H/02_Cell_Stage.Embryo21.pattern
Dataset:name:SupplementaryFigure06H	/uod/idr/filesets/idr0045-reichmann/20180606-renamed/SupplementaryFigure06H/02_Cell_Stage.Embryo20.pattern
Dataset:name:SupplementaryFigure06H	/uod/idr/filesets/idr0045-reichmann/20180606-renamed/SupplementaryFigure06H/02_Cell_Stage.Embryo23.pattern
Dataset:name:SupplementaryFigure06H	/uod/idr/filesets/idr0045-reichmann/20180606-renamed/SupplementaryFigure06H/02_Cell_Stage.Embryo22.pattern
Dataset:name:SupplementaryFigure06H	/uod/idr/filesets/idr0045-reichmann/20180606-renamed/SupplementaryFigure06H/02_Cell_Stage.Embryo14.pattern
Dataset:name:SupplementaryFigure06H	/uod/idr/filesets/idr0045-reichmann/20180606-renamed/SupplementaryFigure06H/02_Cell_Stage.Embryo13.pattern
Dataset:name:SupplementaryFigure06H	/uod/idr/filesets/idr0045-reichmann/20180606-renamed/SupplementaryFigure06H/02_Cell_Stage.Embryo16.pattern
Dataset:name:SupplementaryFigure06H	/uod/idr/filesets/idr0045-reichmann/20180606-renamed/SupplementaryFigure06H/02_Cell_Stage.Embryo15.pattern
Dataset:name:SupplementaryFigure06H	/uod/idr/filesets/idr0045-reichmann/20180606-renamed/SupplementaryFigure06H/02_Cell_Stage.Embryo18.pattern
Dataset:name:SupplementaryFigure06H	/uod/idr/filesets/idr0045-reichmann/20180606-renamed/SupplementaryFigure06H/02_Cell_Stage.Embryo17.pattern
Dataset:name:SupplementaryFigure06H	/uod/idr/filesets/idr0045-reichmann/20180606-renamed/SupplementaryFigure06H/02_Cell_Stage.Embryo19.pattern
Dataset:name:SupplementaryFigure06H	/uod/idr/filesets/idr0045-reichmann/20180606-renamed/SupplementaryFigure06H/02_Cell_Stage.Embryo30.pattern
Dataset:name:SupplementaryFigure06H	/uod/idr/filesets/idr0045-reichmann/20180606-renamed/SupplementaryFigure06H/04_Cell_Stage.Embryo09.pattern
Dataset:name:SupplementaryFigure06H	/uod/idr/filesets/idr0045-reichmann/20180606-renamed/SupplementaryFigure06H/04_Cell_Stage.Embryo08.pattern
Dataset:name:SupplementaryFigure06H	/uod/idr/filesets/idr0045-reichmann/20180606-renamed/SupplementaryFigure06H/02_Cell_Stage.Embryo32.pattern
Dataset:name:SupplementaryFigure06H	/uod/idr/filesets/idr0045-reichmann/20180606-renamed/SupplementaryFigure06H/02_Cell_Stage.Embryo31.pattern
Dataset:name:SupplementaryFigure06H	/uod/idr/filesets/idr0045-reichmann/20180606-renamed/SupplementaryFigure06H/02_Cell_Stage.Embryo34.pattern
Dataset:name:SupplementaryFigure06H	/uod/idr/filesets/idr0045-reichmann/20180606-renamed/SupplementaryFigure06H/02_Cell_Stage.Embryo33.pattern
Dataset:name:SupplementaryFigure06H	/uod/idr/filesets/idr0045-reichmann/20180606-renamed/SupplementaryFigure06H/04_Cell_Stage.Embryo03.pattern
Dataset:name:SupplementaryFigure06H	/uod/idr/filesets/idr0045-reichmann/20180606-renamed/SupplementaryFigure06H/04_Cell_Stage.Embryo02.pattern
Dataset:name:SupplementaryFigure06H	/uod/idr/filesets/idr0045-reichmann/20180606-renamed/SupplementaryFigure06H/04_Cell_Stage.Embryo01.pattern
Dataset:name:SupplementaryFigure06H	/uod/idr/filesets/idr0045-reichmann/20180606-renamed/SupplementaryFigure06H/04_Cell_Stage.Embryo07.pattern
Dataset:name:SupplementaryFigure06H	/uod/idr/filesets/idr0045-reichmann/20180606-renamed/SupplementaryFigure06H/04_Cell_Stage.Embryo06.pattern
Dataset:name:SupplementaryFigure06H	/uod/idr/filesets/idr0045-reichmann/20180606-renamed/SupplementaryFigure06H/04_Cell_Stage.Embryo05.pattern
Dataset:name:SupplementaryFigure06H	/uod/idr/filesets/idr0045-reichmann/20180606-renamed/SupplementaryFigure06H/04_Cell_Stage.Embryo04.pattern
Dataset:name:SupplementaryFigure06H	/uod/idr/filesets/idr0045-reichmann/20180606-renamed/SupplementaryFigure06H/04_Cell_Stage.Embryo10.pattern
Dataset:name:SupplementaryFigure06H	/uod/idr/filesets/idr0045-reichmann/20180606-renamed/SupplementaryFigure06H/02_Cell_Stage.Embryo25.pattern
Dataset:name:SupplementaryFigure06H	/uod/idr/filesets/idr0045-reichmann/20180606-renamed/SupplementaryFigure06H/02_Cell_Stage.Embryo24.pattern
Dataset:name:SupplementaryFigure06H	/uod/idr/filesets/idr0045-reichmann/20180606-renamed/SupplementaryFigure06H/02_Cell_Stage.Embryo27.pattern
Dataset:name:SupplementaryFigure06H	/uod/idr/filesets/idr0045-reichmann/20180606-renamed/SupplementaryFigure06H/02_Cell_Stage.Embryo26.pattern
Dataset:name:SupplementaryFigure06H	/uod/idr/filesets/idr0045-reichmann/20180606-renamed/SupplementaryFigure06H/02_Cell_Stage.Embryo29.pattern
Dataset:name:SupplementaryFigure06H	/uod/idr/filesets/idr0045-reichmann/20180606-renamed/SupplementaryFigure06H/02_Cell_Stage.Embryo28.pattern
Dataset:name:SupplementaryFigure06H	/uod/idr/filesets/idr0045-reichmann/20180606-renamed/SupplementaryFigure06H/04_Cell_Stage.Embryo19.pattern
Dataset:name:SupplementaryFigure06H	/uod/idr/filesets/idr0045-reichmann/20180606-renamed/SupplementaryFigure06H/08_Cell_Stage.Embryo07.pattern
Dataset:name:SupplementaryFigure06H	/uod/idr/filesets/idr0045-reichmann/20180606-renamed/SupplementaryFigure06H/08_Cell_Stage.Embryo06.pattern
Dataset:name:SupplementaryFigure06H	/uod/idr/filesets/idr0045-reichmann/20180606-renamed/SupplementaryFigure06H/02_Cell_Stage.Embryo01.pattern
Dataset:name:SupplementaryFigure06H	/uod/idr/filesets/idr0045-reichmann/20180606-renamed/SupplementaryFigure06H/08_Cell_Stage.Embryo05.pattern
Dataset:name:SupplementaryFigure06H	/uod/idr/filesets/idr0045-reichmann/20180606-renamed/SupplementaryFigure06H/08_Cell_Stage.Embryo04.pattern
Dataset:name:SupplementaryFigure06H	/uod/idr/filesets/idr0045-reichmann/20180606-renamed/SupplementaryFigure06H/04_Cell_Stage.Embryo14.pattern
Dataset:name:SupplementaryFigure06H	/uod/idr/filesets/idr0045-reichmann/20180606-renamed/SupplementaryFigure06H/08_Cell_Stage.Embryo03.pattern
Dataset:name:SupplementaryFigure06H	/uod/idr/filesets/idr0045-reichmann/20180606-renamed/SupplementaryFigure06H/04_Cell_Stage.Embryo13.pattern
Dataset:name:SupplementaryFigure06H	/uod/idr/filesets/idr0045-reichmann/20180606-renamed/SupplementaryFigure06H/08_Cell_Stage.Embryo02.pattern
Dataset:name:SupplementaryFigure06H	/uod/idr/filesets/idr0045-reichmann/20180606-renamed/SupplementaryFigure06H/04_Cell_Stage.Embryo12.pattern
Dataset:name:SupplementaryFigure06H	/uod/idr/filesets/idr0045-reichmann/20180606-renamed/SupplementaryFigure06H/08_Cell_Stage.Embryo01.pattern
Dataset:name:SupplementaryFigure06H	/uod/idr/filesets/idr0045-reichmann/20180606-renamed/SupplementaryFigure06H/04_Cell_Stage.Embryo11.pattern
Dataset:name:SupplementaryFigure06H	/uod/idr/filesets/idr0045-reichmann/20180606-renamed/SupplementaryFigure06H/04_Cell_Stage.Embryo18.pattern
Dataset:name:SupplementaryFigure06H	/uod/idr/filesets/idr0045-reichmann/20180606-renamed/SupplementaryFigure06H/04_Cell_Stage.Embryo17.pattern
Dataset:name:SupplementaryFigure06H	/uod/idr/filesets/idr0045-reichmann/20180606-renamed/SupplementaryFigure06H/04_Cell_Stage.Embryo16.pattern
Dataset:name:SupplementaryFigure06H	/uod/idr/filesets/idr0045-reichmann/20180606-renamed/SupplementaryFigure06H/04_Cell_Stage.Embryo15.pattern
Dataset:name:SupplementaryFigure06H	/uod/idr/filesets/idr0045-reichmann/20180606-renamed/SupplementaryFigure06H/04_Cell_Stage.Embryo21.pattern
Dataset:name:SupplementaryFigure06H	/uod/idr/filesets/idr0045-reichmann/20180606-renamed/SupplementaryFigure06H/04_Cell_Stage.Embryo20.pattern
Dataset:name:SupplementaryFigure06H	/uod/idr/filesets/idr0045-reichmann/20180606-renamed/SupplementaryFigure06H/02_Cell_Stage.Embryo36.pattern
Dataset:name:SupplementaryFigure06H	/uod/idr/filesets/idr0045-reichmann/20180606-renamed/SupplementaryFigure06H/02_Cell_Stage.Embryo35.pattern
Dataset:name:SupplementaryFigure06H	/uod/idr/filesets/idr0045-reichmann/20180606-renamed/SupplementaryFigure06H/02_Cell_Stage.Embryo10.pattern
Dataset:name:SupplementaryFigure06H	/uod/idr/filesets/idr0045-reichmann/20180606-renamed/SupplementaryFigure06H/02_Cell_Stage.Embryo12.pattern
Dataset:name:SupplementaryFigure06H	/uod/idr/filesets/idr0045-reichmann/20180606-renamed/SupplementaryFigure06H/02_Cell_Stage.Embryo11.pattern
Dataset:name:SupplementaryFigure06H	/uod/idr/filesets/idr0045-reichmann/20180606-renamed/SupplementaryFigure06H/04_Cell_Stage.Embryo25.pattern
Dataset:name:SupplementaryFigure06H	/uod/idr/filesets/idr0045-reichmann/20180606-renamed/SupplementaryFigure06H/04_Cell_Stage.Embryo24.pattern
Dataset:name:SupplementaryFigure06H	/uod/idr/filesets/idr0045-reichmann/20180606-renamed/SupplementaryFigure06H/04_Cell_Stage.Embryo23.pattern
Dataset:name:SupplementaryFigure06H	/uod/idr/filesets/idr0045-reichmann/20180606-renamed/SupplementaryFigure06H/04_Cell_Stage.Embryo22.pattern
Dataset:name:SupplementaryFigure06H	/uod/idr/filesets/idr0045-reichmann/20180606-renamed/SupplementaryFigure06H/04_Cell_Stage.Embryo26.pattern
Dataset:name:SupplementaryFigure06H	/uod/idr/filesets/idr0045-reichmann/20180606-renamed/SupplementaryFigure06H/02_Cell_Stage.Embryo03.pattern
Dataset:name:SupplementaryFigure06H	/uod/idr/filesets/idr0045-reichmann/20180606-renamed/SupplementaryFigure06H/02_Cell_Stage.Embryo02.pattern
Dataset:name:SupplementaryFigure06H	/uod/idr/filesets/idr0045-reichmann/20180606-renamed/SupplementaryFigure06H/02_Cell_Stage.Embryo05.pattern
Dataset:name:SupplementaryFigure06H	/uod/idr/filesets/idr0045-reichmann/20180606-renamed/SupplementaryFigure06H/02_Cell_Stage.Embryo04.pattern
Dataset:name:SupplementaryFigure06H	/uod/idr/filesets/idr0045-reichmann/20180606-renamed/SupplementaryFigure06H/02_Cell_Stage.Embryo07.pattern
Dataset:name:SupplementaryFigure06H	/uod/idr/filesets/idr0045-reichmann/20180606-renamed/SupplementaryFigure06H/02_Cell_Stage.Embryo06.pattern
Dataset:name:SupplementaryFigure06H	/uod/idr/filesets/idr0045-reichmann/20180606-renamed/SupplementaryFigure06H/02_Cell_Stage.Embryo09.pattern
Dataset:name:SupplementaryFigure06H	/uod/idr/filesets/idr0045-reichmann/20180606-renamed/SupplementaryFigure06H/02_Cell_Stage.Embryo08.pattern
Dataset:name:SupplementaryFigure08	/uod/idr/filesets/idr0045-reichmann/20180606-renamed/SupplementaryFigure08/NocMo.Nocodazole.Embryo2.pattern
Dataset:name:SupplementaryFigure08	/uod/idr/filesets/idr0045-reichmann/20180606-renamed/SupplementaryFigure08/NocMo.Nocodazole.Embryo3.pattern
Dataset:name:SupplementaryFigure08	/uod/idr/filesets/idr0045-reichmann/20180606-renamed/SupplementaryFigure08/MoNoc.Nocodazole.Embryo1.pattern
Dataset:name:SupplementaryFigure08	/uod/idr/filesets/idr0045-reichmann/20180606-renamed/SupplementaryFigure08/MoNoc.Nocodazole.Embryo3.pattern
Dataset:name:SupplementaryFigure08	/uod/idr/filesets/idr0045-reichmann/20180606-renamed/SupplementaryFigure08/MoNoc.Washout.Embryo3.pattern
Dataset:name:SupplementaryFigure08	/uod/idr/filesets/idr0045-reichmann/20180606-renamed/SupplementaryFigure08/MoNoc.Nocodazole.Embryo2.pattern
Dataset:name:SupplementaryFigure08	/uod/idr/filesets/idr0045-reichmann/20180606-renamed/SupplementaryFigure08/MoNoc.Washout.Embryo1.pattern
Dataset:name:SupplementaryFigure08	/uod/idr/filesets/idr0045-reichmann/20180606-renamed/SupplementaryFigure08/MoNoc.Washout.Embryo2.pattern
Dataset:name:SupplementaryFigure08	/uod/idr/filesets/idr0045-reichmann/20180606-renamed/SupplementaryFigure08/NocMo.Nocodazole.Embryo1.pattern
Dataset:name:SupplementaryFigure08	/uod/idr/filesets/idr0045-reichmann/20180606-renamed/SupplementaryFigure08/NocMo.Monastrol.Embryo1.pattern
Dataset:name:SupplementaryFigure08	/uod/idr/filesets/idr0045-reichmann/20180606-renamed/SupplementaryFigure08/NocMo.Monastrol.Embryo2.pattern
Dataset:name:SupplementaryFigure08	/uod/idr/filesets/idr0045-reichmann/20180606-renamed/SupplementaryFigure08/NocMo.Monastrol.Embryo3.pattern
Dataset:name:SupplementaryFigure08	/uod/idr/filesets/idr0045-reichmann/20180606-renamed/SupplementaryFigure08/MoNoc.Monastrol.Embryo1.pattern
Dataset:name:SupplementaryFigure08	/uod/idr/filesets/idr0045-reichmann/20180606-renamed/SupplementaryFigure08/MoNoc.Monastrol.Embryo2.pattern
Dataset:name:SupplementaryFigure08	/uod/idr/filesets/idr0045-reichmann/20180606-renamed/SupplementaryFigure08/NocMo.Washout.Embryo3.pattern
Dataset:name:SupplementaryFigure08	/uod/idr/filesets/idr0045-reichmann/20180606-renamed/SupplementaryFigure08/MoNoc.Monastrol.Embryo3.pattern
Dataset:name:SupplementaryFigure08	/uod/idr/filesets/idr0045-reichmann/20180606-renamed/SupplementaryFigure08/NocMo.Washout.Embryo2.pattern
Dataset:name:SupplementaryFigure08	/uod/idr/filesets/idr0045-reichmann/20180606-renamed/SupplementaryFigure08/NocMo.Washout.Embryo1.pattern
Dataset:name:SupplementaryFigure09	/uod/idr/filesets/idr0045-reichmann/20180606-renamed/SupplementaryFigure09/NocMo.8_Cell.pattern
Dataset:name:SupplementaryFigure09	/uod/idr/filesets/idr0045-reichmann/20180606-renamed/SupplementaryFigure09/Untreated.Zygote.pattern
Dataset:name:SupplementaryFigure09	/uod/idr/filesets/idr0045-reichmann/20180606-renamed/SupplementaryFigure09/MoNoc.8_Cell.pattern
Dataset:name:SupplementaryFigure09	/uod/idr/filesets/idr0045-reichmann/20180606-renamed/SupplementaryFigure09/Untreated.8_Cell.pattern
Dataset:name:SupplementaryFigure09	/uod/idr/filesets/idr0045-reichmann/20180606-renamed/SupplementaryFigure09/MoNoc.2_Cell.pattern
Dataset:name:SupplementaryFigure09	/uod/idr/filesets/idr0045-reichmann/20180606-renamed/SupplementaryFigure09/Untreated.2_Cell.pattern
Dataset:name:SupplementaryFigure09	/uod/idr/filesets/idr0045-reichmann/20180606-renamed/SupplementaryFigure09/NocMo.2_Cell.pattern
Dataset:name:SupplementaryFigure10A	/uod/idr/filesets/idr0045-reichmann/20180606-renamed/SupplementaryFigure10A/NocMo.8_Cell.pattern
Dataset:name:SupplementaryFigure10A	/uod/idr/filesets/idr0045-reichmann/20180606-renamed/SupplementaryFigure10A/Untreated.Zygote.pattern
Dataset:name:SupplementaryFigure10A	/uod/idr/filesets/idr0045-reichmann/20180606-renamed/SupplementaryFigure10A/MoNoc.8_Cell.pattern
Dataset:name:SupplementaryFigure10A	/uod/idr/filesets/idr0045-reichmann/20180606-renamed/SupplementaryFigure10A/Untreated.8_Cell.pattern
Dataset:name:SupplementaryFigure10A	/uod/idr/filesets/idr0045-reichmann/20180606-renamed/SupplementaryFigure10A/MoNoc.2_Cell.pattern
Dataset:name:SupplementaryFigure10A	/uod/idr/filesets/idr0045-reichmann/20180606-renamed/SupplementaryFigure10A/Untreated.2_Cell.pattern
Dataset:name:SupplementaryFigure10A	/uod/idr/filesets/idr0045-reichmann/20180606-renamed/SupplementaryFigure10A/NocMo.2_Cell.pattern
Dataset:name:SupplementaryFigure10B	/uod/idr/filesets/idr0045-reichmann/20180606-renamed/SupplementaryFigure10B/NocMo.8_Cell.pattern
Dataset:name:SupplementaryFigure10B	/uod/idr/filesets/idr0045-reichmann/20180606-renamed/SupplementaryFigure10B/Untreated.Zygote.pattern
Dataset:name:SupplementaryFigure10B	/uod/idr/filesets/idr0045-reichmann/20180606-renamed/SupplementaryFigure10B/MoNoc.8_Cell.pattern
Dataset:name:SupplementaryFigure10B	/uod/idr/filesets/idr0045-reichmann/20180606-renamed/SupplementaryFigure10B/Untreated.8_Cell.pattern
Dataset:name:SupplementaryFigure10B	/uod/idr/filesets/idr0045-reichmann/20180606-renamed/SupplementaryFigure10B/MoNoc.2_Cell.pattern
Dataset:name:SupplementaryFigure10B	/uod/idr/filesets/idr0045-reichmann/20180606-renamed/SupplementaryFigure10B/Untreated.2_Cell.pattern
Dataset:name:SupplementaryFigure10B	/uod/idr/filesets/idr0045-reichmann/20180606-renamed/SupplementaryFigure10B/NocMo.2_Cell.pattern
